USE [Covid19_Audit]
GO
SET IDENTITY_INSERT [Covid19_Audit].[AuditCodes] ON 
GO
INSERT [Covid19_Audit].[AuditCodes] ([AuditCodeId], [AuditCodeText]) VALUES (1, N'X1')
GO
INSERT [Covid19_Audit].[AuditCodes] ([AuditCodeId], [AuditCodeText]) VALUES (2, N'X2')
GO
INSERT [Covid19_Audit].[AuditCodes] ([AuditCodeId], [AuditCodeText]) VALUES (3, N'X3')
GO
INSERT [Covid19_Audit].[AuditCodes] ([AuditCodeId], [AuditCodeText]) VALUES (4, N'X4')
GO
INSERT [Covid19_Audit].[AuditCodes] ([AuditCodeId], [AuditCodeText]) VALUES (5, N'X5')
GO
INSERT [Covid19_Audit].[AuditCodes] ([AuditCodeId], [AuditCodeText]) VALUES (6, N'X6')
GO
SET IDENTITY_INSERT [Covid19_Audit].[AuditCodes] OFF
GO
SET IDENTITY_INSERT [Covid19_Audit].[FocusAreas] ON 
GO
INSERT [Covid19_Audit].[FocusAreas] ([FocusAreaId], [AreaName]) VALUES (1, N'Hand wash')
GO
INSERT [Covid19_Audit].[FocusAreas] ([FocusAreaId], [AreaName]) VALUES (2, N'Locker')
GO
INSERT [Covid19_Audit].[FocusAreas] ([FocusAreaId], [AreaName]) VALUES (3, N'Canteen')
GO
INSERT [Covid19_Audit].[FocusAreas] ([FocusAreaId], [AreaName]) VALUES (4, N'Coffe corner')
GO
INSERT [Covid19_Audit].[FocusAreas] ([FocusAreaId], [AreaName]) VALUES (5, N'Mushola')
GO
INSERT [Covid19_Audit].[FocusAreas] ([FocusAreaId], [AreaName]) VALUES (6, N'Smoking area')
GO
INSERT [Covid19_Audit].[FocusAreas] ([FocusAreaId], [AreaName]) VALUES (7, N'Rest area')
GO
INSERT [Covid19_Audit].[FocusAreas] ([FocusAreaId], [AreaName]) VALUES (8, N'Changing room')
GO
INSERT [Covid19_Audit].[FocusAreas] ([FocusAreaId], [AreaName]) VALUES (9, N'Office')
GO
INSERT [Covid19_Audit].[FocusAreas] ([FocusAreaId], [AreaName]) VALUES (10, N'Window audit')
GO
INSERT [Covid19_Audit].[FocusAreas] ([FocusAreaId], [AreaName]) VALUES (11, N'Security gate')
GO
SET IDENTITY_INSERT [Covid19_Audit].[FocusAreas] OFF
GO
INSERT [Covid19_Audit].[FocusAreaAuditCodes] ([FocusArea_FocusAreaId], [AuditCode_AuditCodeId]) VALUES (1, 1)
GO
INSERT [Covid19_Audit].[FocusAreaAuditCodes] ([FocusArea_FocusAreaId], [AuditCode_AuditCodeId]) VALUES (2, 1)
GO
INSERT [Covid19_Audit].[FocusAreaAuditCodes] ([FocusArea_FocusAreaId], [AuditCode_AuditCodeId]) VALUES (3, 1)
GO
INSERT [Covid19_Audit].[FocusAreaAuditCodes] ([FocusArea_FocusAreaId], [AuditCode_AuditCodeId]) VALUES (3, 2)
GO
INSERT [Covid19_Audit].[FocusAreaAuditCodes] ([FocusArea_FocusAreaId], [AuditCode_AuditCodeId]) VALUES (4, 2)
GO
INSERT [Covid19_Audit].[FocusAreaAuditCodes] ([FocusArea_FocusAreaId], [AuditCode_AuditCodeId]) VALUES (5, 2)
GO
INSERT [Covid19_Audit].[FocusAreaAuditCodes] ([FocusArea_FocusAreaId], [AuditCode_AuditCodeId]) VALUES (6, 2)
GO
INSERT [Covid19_Audit].[FocusAreaAuditCodes] ([FocusArea_FocusAreaId], [AuditCode_AuditCodeId]) VALUES (7, 2)
GO
INSERT [Covid19_Audit].[FocusAreaAuditCodes] ([FocusArea_FocusAreaId], [AuditCode_AuditCodeId]) VALUES (2, 3)
GO
INSERT [Covid19_Audit].[FocusAreaAuditCodes] ([FocusArea_FocusAreaId], [AuditCode_AuditCodeId]) VALUES (3, 3)
GO
INSERT [Covid19_Audit].[FocusAreaAuditCodes] ([FocusArea_FocusAreaId], [AuditCode_AuditCodeId]) VALUES (6, 3)
GO
INSERT [Covid19_Audit].[FocusAreaAuditCodes] ([FocusArea_FocusAreaId], [AuditCode_AuditCodeId]) VALUES (8, 4)
GO
INSERT [Covid19_Audit].[FocusAreaAuditCodes] ([FocusArea_FocusAreaId], [AuditCode_AuditCodeId]) VALUES (9, 4)
GO
INSERT [Covid19_Audit].[FocusAreaAuditCodes] ([FocusArea_FocusAreaId], [AuditCode_AuditCodeId]) VALUES (10, 4)
GO
INSERT [Covid19_Audit].[FocusAreaAuditCodes] ([FocusArea_FocusAreaId], [AuditCode_AuditCodeId]) VALUES (8, 5)
GO
INSERT [Covid19_Audit].[FocusAreaAuditCodes] ([FocusArea_FocusAreaId], [AuditCode_AuditCodeId]) VALUES (9, 5)
GO
INSERT [Covid19_Audit].[FocusAreaAuditCodes] ([FocusArea_FocusAreaId], [AuditCode_AuditCodeId]) VALUES (10, 5)
GO
INSERT [Covid19_Audit].[FocusAreaAuditCodes] ([FocusArea_FocusAreaId], [AuditCode_AuditCodeId]) VALUES (2, 6)
GO
INSERT [Covid19_Audit].[FocusAreaAuditCodes] ([FocusArea_FocusAreaId], [AuditCode_AuditCodeId]) VALUES (11, 6)
GO
SET IDENTITY_INSERT [Covid19_Audit].[Questions] ON 
GO
INSERT [Covid19_Audit].[Questions] ([QuestionId], [QuestionText], [Category]) VALUES (1, N'Lorem Ipsum is simply dummy text of the printing and typesetting industry.', NULL)
GO
INSERT [Covid19_Audit].[Questions] ([QuestionId], [QuestionText], [Category]) VALUES (2, N'Lorem Ipsum is simply dummy text of the printing and typesetting industry.', NULL)
GO
INSERT [Covid19_Audit].[Questions] ([QuestionId], [QuestionText], [Category]) VALUES (3, N'Lorem Ipsum is simply dummy text of the printing and typesetting industry.', NULL)
GO
INSERT [Covid19_Audit].[Questions] ([QuestionId], [QuestionText], [Category]) VALUES (4, N'Lorem Ipsum is simply dummy text of the printing and typesetting industry.', NULL)
GO
INSERT [Covid19_Audit].[Questions] ([QuestionId], [QuestionText], [Category]) VALUES (5, N'Lorem Ipsum is simply dummy text of the printing and typesetting industry.', NULL)
GO
INSERT [Covid19_Audit].[Questions] ([QuestionId], [QuestionText], [Category]) VALUES (6, N'Perform Temperature check before enter the gate
', NULL)
GO
SET IDENTITY_INSERT [Covid19_Audit].[Questions] OFF
GO
INSERT [Covid19_Audit].[QuestionFocusAreas] ([Question_QuestionId], [FocusArea_FocusAreaId]) VALUES (1, 1)
GO
INSERT [Covid19_Audit].[QuestionFocusAreas] ([Question_QuestionId], [FocusArea_FocusAreaId]) VALUES (2, 1)
GO
INSERT [Covid19_Audit].[QuestionFocusAreas] ([Question_QuestionId], [FocusArea_FocusAreaId]) VALUES (3, 1)
GO
INSERT [Covid19_Audit].[QuestionFocusAreas] ([Question_QuestionId], [FocusArea_FocusAreaId]) VALUES (1, 2)
GO
INSERT [Covid19_Audit].[QuestionFocusAreas] ([Question_QuestionId], [FocusArea_FocusAreaId]) VALUES (3, 2)
GO
INSERT [Covid19_Audit].[QuestionFocusAreas] ([Question_QuestionId], [FocusArea_FocusAreaId]) VALUES (4, 2)
GO
INSERT [Covid19_Audit].[QuestionFocusAreas] ([Question_QuestionId], [FocusArea_FocusAreaId]) VALUES (1, 3)
GO
INSERT [Covid19_Audit].[QuestionFocusAreas] ([Question_QuestionId], [FocusArea_FocusAreaId]) VALUES (3, 3)
GO
INSERT [Covid19_Audit].[QuestionFocusAreas] ([Question_QuestionId], [FocusArea_FocusAreaId]) VALUES (4, 3)
GO
INSERT [Covid19_Audit].[QuestionFocusAreas] ([Question_QuestionId], [FocusArea_FocusAreaId]) VALUES (3, 4)
GO
INSERT [Covid19_Audit].[QuestionFocusAreas] ([Question_QuestionId], [FocusArea_FocusAreaId]) VALUES (1, 5)
GO
INSERT [Covid19_Audit].[QuestionFocusAreas] ([Question_QuestionId], [FocusArea_FocusAreaId]) VALUES (3, 5)
GO
INSERT [Covid19_Audit].[QuestionFocusAreas] ([Question_QuestionId], [FocusArea_FocusAreaId]) VALUES (4, 5)
GO
INSERT [Covid19_Audit].[QuestionFocusAreas] ([Question_QuestionId], [FocusArea_FocusAreaId]) VALUES (3, 6)
GO
INSERT [Covid19_Audit].[QuestionFocusAreas] ([Question_QuestionId], [FocusArea_FocusAreaId]) VALUES (1, 7)
GO
INSERT [Covid19_Audit].[QuestionFocusAreas] ([Question_QuestionId], [FocusArea_FocusAreaId]) VALUES (3, 7)
GO
INSERT [Covid19_Audit].[QuestionFocusAreas] ([Question_QuestionId], [FocusArea_FocusAreaId]) VALUES (1, 8)
GO
INSERT [Covid19_Audit].[QuestionFocusAreas] ([Question_QuestionId], [FocusArea_FocusAreaId]) VALUES (3, 8)
GO
INSERT [Covid19_Audit].[QuestionFocusAreas] ([Question_QuestionId], [FocusArea_FocusAreaId]) VALUES (1, 9)
GO
INSERT [Covid19_Audit].[QuestionFocusAreas] ([Question_QuestionId], [FocusArea_FocusAreaId]) VALUES (3, 9)
GO
INSERT [Covid19_Audit].[QuestionFocusAreas] ([Question_QuestionId], [FocusArea_FocusAreaId]) VALUES (5, 9)
GO
INSERT [Covid19_Audit].[QuestionFocusAreas] ([Question_QuestionId], [FocusArea_FocusAreaId]) VALUES (1, 10)
GO
INSERT [Covid19_Audit].[QuestionFocusAreas] ([Question_QuestionId], [FocusArea_FocusAreaId]) VALUES (3, 10)
GO
INSERT [Covid19_Audit].[QuestionFocusAreas] ([Question_QuestionId], [FocusArea_FocusAreaId]) VALUES (1, 11)
GO
INSERT [Covid19_Audit].[QuestionFocusAreas] ([Question_QuestionId], [FocusArea_FocusAreaId]) VALUES (3, 11)
GO
INSERT [Covid19_Audit].[QuestionFocusAreas] ([Question_QuestionId], [FocusArea_FocusAreaId]) VALUES (6, 11)
GO
SET IDENTITY_INSERT [Covid19_Audit].[Audits] ON 
GO
INSERT [Covid19_Audit].[Audits] ([TransactionId], [AuditDate], [Auditor], [AuditorPartner1], [AuditorPartner2], [AuditCodeText], [Location], [SubmittedDate]) VALUES (1, CAST(N'2022-01-01T00:00:00.000' AS DateTime), N'12345', N'54321', N'', N'X1', N'BAT-1', CAST(N'2022-01-18T23:34:41.903' AS DateTime))
GO
SET IDENTITY_INSERT [Covid19_Audit].[Audits] OFF
GO
SET IDENTITY_INSERT [Covid19_Audit].[AuditorLogs] ON 
GO
INSERT [Covid19_Audit].[AuditorLogs] ([AuditorLogId], [DateAudit], [AuditorBadgeId], [AuditId]) VALUES (1, CAST(N'2022-01-01T00:00:00.000' AS DateTime), N'12345', 1)
GO
INSERT [Covid19_Audit].[AuditorLogs] ([AuditorLogId], [DateAudit], [AuditorBadgeId], [AuditId]) VALUES (2, CAST(N'2022-01-01T00:00:00.000' AS DateTime), N'54321', 1)
GO
SET IDENTITY_INSERT [Covid19_Audit].[AuditorLogs] OFF
GO
SET IDENTITY_INSERT [Covid19_Audit].[CheckLists] ON 
GO
INSERT [Covid19_Audit].[CheckLists] ([ChecklistId], [FocusAreaText], [QuestionText], [Result], [Category], [Remark], [UploadedFile], [AuditId], [Audit_TransactionId]) VALUES (1, N'Hand wash', N'Lorem Ipsum is simply dummy text of the printing and typesetting industry.', 1, NULL, N'Test', N'~/Data/Files/18-01-2022/dky4tqso.jpi-e5f4acbd-0184-41ee-a5f5-eb0215dcad75-shutterstock-1842522100.jpg', 0, 1)
GO
INSERT [Covid19_Audit].[CheckLists] ([ChecklistId], [FocusAreaText], [QuestionText], [Result], [Category], [Remark], [UploadedFile], [AuditId], [Audit_TransactionId]) VALUES (2, N'Hand wash', N'Lorem Ipsum is simply dummy text of the printing and typesetting industry.', 1, NULL, NULL, N'', 0, 1)
GO
INSERT [Covid19_Audit].[CheckLists] ([ChecklistId], [FocusAreaText], [QuestionText], [Result], [Category], [Remark], [UploadedFile], [AuditId], [Audit_TransactionId]) VALUES (3, N'Hand wash', N'Lorem Ipsum is simply dummy text of the printing and typesetting industry.', 1, NULL, NULL, N'', 0, 1)
GO
INSERT [Covid19_Audit].[CheckLists] ([ChecklistId], [FocusAreaText], [QuestionText], [Result], [Category], [Remark], [UploadedFile], [AuditId], [Audit_TransactionId]) VALUES (4, N'Locker', N'Lorem Ipsum is simply dummy text of the printing and typesetting industry.', 1, NULL, NULL, N'', 0, 1)
GO
INSERT [Covid19_Audit].[CheckLists] ([ChecklistId], [FocusAreaText], [QuestionText], [Result], [Category], [Remark], [UploadedFile], [AuditId], [Audit_TransactionId]) VALUES (5, N'Locker', N'Lorem Ipsum is simply dummy text of the printing and typesetting industry.', 1, NULL, NULL, N'', 0, 1)
GO
INSERT [Covid19_Audit].[CheckLists] ([ChecklistId], [FocusAreaText], [QuestionText], [Result], [Category], [Remark], [UploadedFile], [AuditId], [Audit_TransactionId]) VALUES (6, N'Locker', N'Lorem Ipsum is simply dummy text of the printing and typesetting industry.', 1, NULL, NULL, N'', 0, 1)
GO
INSERT [Covid19_Audit].[CheckLists] ([ChecklistId], [FocusAreaText], [QuestionText], [Result], [Category], [Remark], [UploadedFile], [AuditId], [Audit_TransactionId]) VALUES (7, N'Canteen', N'Lorem Ipsum is simply dummy text of the printing and typesetting industry.', 1, NULL, NULL, N'', 0, 1)
GO
INSERT [Covid19_Audit].[CheckLists] ([ChecklistId], [FocusAreaText], [QuestionText], [Result], [Category], [Remark], [UploadedFile], [AuditId], [Audit_TransactionId]) VALUES (8, N'Canteen', N'Lorem Ipsum is simply dummy text of the printing and typesetting industry.', 1, NULL, NULL, N'', 0, 1)
GO
INSERT [Covid19_Audit].[CheckLists] ([ChecklistId], [FocusAreaText], [QuestionText], [Result], [Category], [Remark], [UploadedFile], [AuditId], [Audit_TransactionId]) VALUES (9, N'Canteen', N'Lorem Ipsum is simply dummy text of the printing and typesetting industry.', 1, NULL, NULL, N'', 0, 1)
GO
SET IDENTITY_INSERT [Covid19_Audit].[CheckLists] OFF
GO
INSERT [Covid19_Audit].[__MigrationHistory] ([MigrationId], [ContextKey], [Model], [ProductVersion]) VALUES (N'202201181556324_Initialization', N'Covid19_Audit_EntityFramework.Migrations.Configuration', 0x1F8B0800000000000400ED1DD96EE4B8F13D40FE41D05312CC76DB9E975DA37B179EF63830628F276ECF226F0D5AA2DBC2E8E8E8706C04F9B23CE493F20BA12E8AB728EA68CD6C302F6E912C168B75B158ACF9EFBFFFB3FAE535F0AD1718275E14AEEDD3C5896DC1D0895C2FDCAFED2C7DFAE147FB979F7FFFBBD5473778B57EADFBBDCFFBA19161B2B69FD3F470BE5C26CE330C40B2083C278E92E8295D3851B0046EB43C3B39F969797ABA8408848D6059D6EA3E0B532F80C50FF47313850E3CA419F06F2317FA49F51DB56C0BA8D62710C0E4001CB8B63FA291E9DB558CBEFC238ABFDAD685EF0184C616FA4FB605C2304A418A903CFF92C06D1A47E17E7B401F80FFF07680A8DF13F01358217FDE74D75DC7C959BE8E6533B006E564491A051D019EBEAF08B364871B91D7C68443A42B0995AFBA20DFDABEC85C2FDD2002DB163BDBF9C68FF39E1C7917E5EF051EFBCEDA442F9E7BFAD3AEF8B463FABFC33C825829FF87FA677E9AC5701DC22C8D81FFCEFA9C3DFA9EF317F8F6107D85E13ACC7C9F441CA18EDAA80FE8D3E7383AC0387DBB874FEC72AE5DDB5AD200962C043C5E34B85CF97598BE3FB3AD4F081DF0E843CC290495B66914C33FC310C62085EE6790A630461B7DEDC2820A1C1AB2491FE06B5A4F8B7814C99A6DDD82D71B18EED3E7B58DFEB4AD2BEF15BAF5970A952FA18744130D4AE30C72B37D022FDEBE409499F72A42FB7D114390D8D63DF48B2EC9B377288566819B771841D4F12A8E82FBC8278713EDBB0710EF61BE8848D1691B65B1C320BA5A368CA964570CD1805DF1D8F9B02B46C9845DA9C193B12B9A2FFF6B424E251970284EAD9950C9A9353BEB22FAD70C260572423CEBD61D29790D9A82664E9E447D7A89530DD0409AEAA1F311A61A23135922C74E254AF59CE3287E66B20D42711FC56FF3B13006F2C04AAD4A668CE4A160E128BE89F62A8950323CE51C15A0E623210D4EC6EE111E3D95945CA251C5CCF594F987072FB740DCAC1A9E56147F00EE9EF0F04693B862BA764A75B28242416AF66557756AA4886DE34488EBD05F7E4C4F12F3919387188409704C8D09337CD293442E1D4349CA342212C59F419CA2459F4E3CDFD934F38D77B66366BB899C2A4A30F244DBEC31F01073BA06CCA6AD4A36CFD0F97AE3256962A04F9AC1F3512A054E3EC2C944A55083A75228D8AB9A847D277587EF6182B6B99EE643846C21083BEBC9F19C6A0EDD00E461CD91A7F972F023E042F7CAF34738E01FCB3F6A9401EF1FB16D9C7FC475E8E51F5D41E83E02E7AB49F4AA1A3A1F8556636414BB22C64EA6CEAA39375198A211A3333811ABFC660FF7BF0905513306AF1EE8163E6A4837F7520D5F12181BA8857CD87C54428E8D893AA8C74DA50AA68A015CA1258C102D9731D54592448E575088D54164709C46F963E85A3A91F2720154C41D2D0431927740AC83B059DB7FE2E8D1021C07B81BE0C485A412F86A49AC564D0451A45186A632ECD860D904CEF529A08CF077A76E0702701122198AF27011B341558C547FF1D238130B99057A6AB36AE72EBC843E4CA175E19477EA1B9038C0E5851149894B7F419A0AC6B98A003EF20212A4FBBC30E5D59A173ADE01F82DA833E3BA47927214F1646CCB253CC03057672D5BA38305B6A4FCFC781A86746D94EAC07D9CFF2DE311B933DEF0081916D0E73EA917DFC67D278BC5A9B1D8317E8554334A9C0C4225E06343077D2BF64D065C706983726F1AF1068C6B5E3BE4B08ACE971F0A57FB5514114616BF726D92CAC2B10BC9816F612AB8046E8C1F6F33387AD060C8BB260E0CA1795BC01037BD1C94C634B40069245ABAA64ACDEA0092C2681D4E8A1407826C6CA36DC57142D2620E6E01927B822200A57BCC0C261853B0C5543E00D1559537C0EA474DE708AF82E6304EDD6ABA430438720DAC79A397AF411AE1952B4F99567F49DB63221642888C822C2A1F498BC80654E1EFCF7892A83D283D1F8ADDD55AF415E4907A4D2CAC21E8C0C7C9783AA86DB99E352770976B173DF33D0619D86880407328ECBA8E652719B9D1992A6521B6E57D565F1F21B1F9C66DAB65995F5B7D582D2589B8AB5B7038A0D32C91985B7DB1B66556EEE6876DF78CD5A084B1741241E22AC616CF84A403EC21D39AA768B8F0CA8B93FC3E143C82FC3CBD7103AE9BD0599118A87A4ACE1FE1F7ADB65DF590FCEF72181BC5693C17DE8FAF46A3CEFB203F0714310F9169E0C75A799234F041ACCA70DD447E1684AD79B35AF0CA4B1B21C4B28987B95A320BE4CE261C21B9E31DBD355A1BA7B469FA1BD7F88ADD374E315646682AD79324B3228354B971388D93DA33FC7536DBD5B80D7D760BFBE4DD374B3E54465B329790A4AE3C3F51071A2F61748B3EC4E6B68084D67C9DCDDE935E526F255B1EA50CB5AC64B0522DE24C394E2B4A32F05410892C38121CF1B9A3D226F2E004F8E1B68E5085E0C4708EC95303B0932927E93311133A24C9DA12556CD9A4326B87DBA6F273673612F28F019C26094C00AF6934857BA6827B3695CF2383D9A46E91E09AAFFA9098DC2C121CD3341B91240E817DC4520E4643365583A57694CCC9A24CA93CD34B058F49B7127A795D196B78EFA1CE9C2261D5DFC6F441E4F894A951343EE5377D28746203098B6EF9EEEC611380E8751AAAC3BB068721E950A99C10B943949048F39174A0E1AC201148DC6820CD12493E8EB4FC66F9BCBC57E8C3E3C50D4477FE160F93EE4F950843ED8C30A9460545E8DA1BF8F44DFA0AC5C2F8EBF4BB4BC73325911DEAE247238443F597066BA4E1B63C502B137EC165114F33C388CF4E19FB29B21F6A9886184B131D0C838B3BAA8B3EC66C1CBB336B082FBEDAC34554775960481ACD1350597157A649E4B6E0D24E1565EAC8138ACBB8A333716F96E06FBB748E16755FFDF38380AEB2EB2C4DA22A020315B8B6A4A34E5C20BBC7D3C4D6EC94A4C4117963088F3CCFE63AC9934471CA644752F4E621F6AAB0DD4196F18FCC0B16696AE165E03C79477C01AAAB3C0CFCFC99F00D77BBCA76C17E12BE65656E5357D5CD667BED23EEAAB3EC625B880C2F9E9B5F736EDF9214068BBCC362FB777FE37BC561A6EE700B42EF09A9FA32F7DB3E3B39F991A9A0349F6A46CB2471A9D4745549237AD78E5240C80B6B695765AB9BBCCF65DF95862F20769E41FC8700BCFE9104A99F3FCEBF5712FB36C7296E330E29997A366350517C85788CA226A39050F470B303197980EC73A631F64476AD77AC421AA3EC0C573BC3451FD2E16A67F4DA65E6795741002E4DF83A74E1EBDAFE6731E6DCBAFEDBAE1AF6CEBA8B91E93AB74EAC7F0DF5E45C94A67DB47A11E3190EF2D57E5F86188E13F8321003C23C1B0E660FB3CB43644B36F402262CCBA0B9C12665190C0465E81A08A30889B0EC41AF9D19DC42D2E50B1E7305DFB374414F74C8F204BD40895E180F6E664C741D7B2434B05A34089905EBE3AE0BA308C778CD3F8E608A1FF0F7620FEE91FEB13CD7FF8BC2A0A2C05FBB4DF9827D14F61FD2F9661FA68F1A3CE81590D1BD2950847254D74E1D22113B594C4283E985403A9C6114CEE84E1675D2954516C81847AB96CBB26EB110F51D97210BE987537692B88A06BD05207A31C12C78B35F350AE1A580E8A1A45E918441CB0508B0209E1A8BD0219ADB9E6A1BD522503D3BE91481B5BAD41E68CF81E8A5BAA72842A09DDFC0BEBEE4F65ABAC5DF39EB75DBFB964C8FB1594F3BE56402D6D34DFA103C83D6AA393312DFF1265B844C875A40465CA778B9D5E5B2A413CFB566F6F4F04E8EC5702DAA6E1E56761E2C771C1B6BC6747332B1EA1A09AC5D9DB8F293A8A68271592B73FB79B4A251DF539D284DFEE14B195150C8DA138605A6BE193E50BE8D92F0417B2AD8146EBB5E09AD6138A2295264547BEB9BE106C56B9DF9F002934057EB08AEAE07BB9992B261EAAA6165CA1CF33FBB203628631EE4F3008E7924F5C5D4E5C5D4F329AA1BB1F33567026EBAA6493D9BB43093A260594BBD320D728A8B1F89A7945736D398A87D0EEDFA67EAD90C2AA5290BA5B5F088AC7090B0A29AB4A09A7A92AA189B2ECFAB844DD449530A3A889FE08820950B6D71E406F0786817A2C335A0F4EAD14932A6C50737D1A32581AA564796D42F9F5A12A14D895217B4D2248A38E55D1CB863EB2F88967174A2A84AE86995E76BE713D650D0B56D540491CA94E415D438E490B388FE2BA581C4667A827027EB012A14F2A2A15C346FFBD9EA38FD97397001429365F2BE404B9DC2E31618345922EB7CD0EF8FF497D7A18220FF96051D0C88FFED1B9D50126FDF80C85FEA84D0A18E04B8CF75F814D5C71406A3BA0B734B7A0B53E0A2F3C2459C7A4FE810839A1D98244525FE5F819FA12E1F8347E85E8777597AC852B464183CFAD4C3FAFC84A39ABF289348E3BCBA3B147EF5104B40687A792AE75DF821F37C17E37D25B88E9580C86D55958D92EF659A67A5ECDF30A44F51A809A8221F3EF13DC0E0E02360C95DB8052FD00437E468DEC03D70DEEA27497220ED1B41937D75E9817D0C82A482D18C473F110FBBC1EBCFFF03694EA979F47E0000, N'6.1.2-31219')
GO
SET IDENTITY_INSERT [Covid19_Audit].[Users] ON 
GO
INSERT [Covid19_Audit].[Users] ([UserId], [BadgeId], [FullName]) VALUES (1, N'12345', N'Alvin')
GO
INSERT [Covid19_Audit].[Users] ([UserId], [BadgeId], [FullName]) VALUES (2, N'54321', N'Suharno')
GO
SET IDENTITY_INSERT [Covid19_Audit].[Users] OFF
GO
